{
  "Товар 1": {
    "площа": 135.18859809158084,
    "локація": 9.259381299926055,
    "зручність транспортного сполучення": 5.777791722973643,
    "інфраструктура": 9.338604532480957,
    "вартість": 391040.6020951081,
    "вартість утримання": 2735.6847311467836,
    "екологічність": 4.562230637461223,
    "рівень кримінальності": 4.1297942958559135,
    "сервісні послуги": 4.145406734386219,
    "доступність закладів освіти": 6.391217295762308,
    "безпека району": 4.073319814079152,
    "екологічна зона": 1.9077298537362564
  },
  "Товар 2": {
    "площа": 103.17846044718542,
    "локація": 2.02771997838911,
    "зручність транспортного сполучення": 8.512237633022533,
    "інфраструктура": 1.1677272891887691,
    "вартість": 227309.24906520583,
    "вартість утримання": 1715.731689505894,
    "екологічність": 4.1797355735515875,
    "рівень кримінальності": 5.8734452795592835,
    "сервісні послуги": 2.827110884298592,
    "доступність закладів освіти": 1.1771904770470916,
    "безпека району": 4.628490418734027,
    "екологічна зона": 2.1319439177231425
  },
  "Товар 3": {
    "площа": 114.26511288039949,
    "локація": 8.383576959427632,
    "зручність транспортного сполучення": 7.446801666203619,
    "інфраструктура": 2.35844484949538,
    "вартість": 199360.33806386747,
    "вартість утримання": 1069.5503390296778,
    "екологічність": 9.645348321691905,
    "рівень кримінальності": 2.7592984269863794,
    "сервісні послуги": 1.556637343372011,
    "доступність закладів освіти": 2.563827278016975,
    "безпека району": 2.7488446092617167,
    "екологічна зона": 9.774007823979128
  },
  "Товар 4": {
    "площа": 99.30868463969642,
    "локація": 7.9827930814651555,
    "зручність транспортного сполучення": 6.99270522212771,
    "інфраструктура": 6.991458847868437,
    "вартість": 170073.89744905476,
    "вартість утримання": 1908.8750722150744,
    "екологічність": 9.712076108691745,
    "рівень кримінальності": 4.391370391380924,
    "сервісні послуги": 7.796925569478516,
    "доступність закладів освіти": 2.8838104968671976,
    "безпека району": 3.9876807318468246,
    "екологічна зона": 6.807595223577841
  },
  "Товар 5": {
    "площа": 98.52755334714121,
    "локація": 8.40443929890418,
    "зручність транспортного сполучення": 3.9074959889784058,
    "інфраструктура": 4.956936343567822,
    "вартість": 473835.3166003393,
    "вартість утримання": 2025.7621008097403,
    "екологічність": 5.335857039987511,
    "рівень кримінальності": 7.395545122349,
    "сервісні послуги": 7.835931251389591,
    "доступність закладів освіти": 4.626050745996961,
    "безпека району": 8.080039818273647,
    "екологічна зона": 6.893615511072882
  },
  "Товар 6": {
    "площа": 104.566472846397,
    "локація": 2.3682631244923686,
    "зручність транспортного сполучення": 2.7026033221669095,
    "інфраструктура": 9.63739296256159,
    "вартість": 472828.8852933035,
    "вартість утримання": 2369.650547445265,
    "екологічність": 8.792844974207899,
    "рівень кримінальності": 5.547987797349655,
    "сервісні послуги": 9.191798861209074,
    "доступність закладів освіти": 5.194562275078968,
    "безпека району": 3.2478882052965705,
    "екологічна зона": 3.2338314827729504
  },
  "Товар 7": {
    "площа": 147.55302733594345,
    "локація": 2.569265190739412,
    "зручність транспортного сполучення": 3.1943975758189755,
    "інфраструктура": 7.221972495506757,
    "вартість": 262184.7899689116,
    "вартість утримання": 1584.2222589316455,
    "екологічність": 8.81456095306749,
    "рівень кримінальності": 8.674632848334499,
    "сервісні послуги": 9.93553660746833,
    "доступність закладів освіти": 9.638578202634791,
    "безпека району": 7.387573465718693,
    "екологічна зона": 2.477466269501541
  },
  "Товар 8": {
    "площа": 81.04954317629125,
    "локація": 9.42051828342824,
    "зручність транспортного сполучення": 1.9292213255375472,
    "інфраструктура": 9.993990327477913,
    "вартість": 229810.46841663442,
    "вартість утримання": 1123.3902310940746,
    "екологічність": 9.15522713873992,
    "рівень кримінальності": 8.226798813719068,
    "сервісні послуги": 1.1180289740994294,
    "доступність закладів освіти": 1.2973508103690254,
    "безпека району": 5.395968339991626,
    "екологічна зона": 6.28686517447039
  }
}